{
  "project_info": {
    "project_number": "145685092238",
    "project_id": "appucard-4d609",
    "storage_bucket": "appucard-4d609.appspot.com"
  },
  "client": [
    {
      "client_info": {
        "mobilesdk_app_id": "1:145685092238:android:75cdec7d59a268964176df",
        "android_client_info": {
          "package_name": "com.mycompany.appucard"
        }
      },
      "oauth_client": [
        {
          "client_id": "145685092238-f5f0646o4df36o9ptgk11njss7o3nqvp.apps.googleusercontent.com",
          "client_type": 1,
          "android_info": {
            "package_name": "com.mycompany.appucard",
            "certificate_hash": "aa9d6aeb483193f055383fdb713a7f5618b5f961"
          }
        },
        {
          "client_id": "145685092238-s5c3akbo2vq0fgt6r3edo99id6hcsua3.apps.googleusercontent.com",
          "client_type": 1,
          "android_info": {
            "package_name": "com.mycompany.appucard",
            "certificate_hash": "9bbb3186b2189ef16d8f272bdab59362c395cbb4"
          }
        },
        {
          "client_id": "145685092238-dhkpqsrn1kljls1vg834cdimisi08emu.apps.googleusercontent.com",
          "client_type": 3
        }
      ],
      "api_key": [
        {
          "current_key": "AIzaSyBJcAVzW5U5bvm6NMfXT2XexxEdvpvlsfA"
        }
      ],
      "services": {
        "appinvite_service": {
          "other_platform_oauth_client": [
            {
              "client_id": "145685092238-dhkpqsrn1kljls1vg834cdimisi08emu.apps.googleusercontent.com",
              "client_type": 3
            },
            {
              "client_id": "145685092238-avv8p8q7bj3gd51c5f2nuh4hg578g6dq.apps.googleusercontent.com",
              "client_type": 2,
              "ios_info": {
                "bundle_id": "com.mycompany.appucard"
              }
            }
          ]
        }
      }
    }
  ],
  "configuration_version": "1"
}